{
    "openapi": "3.0.0",
    "info": {
        "title": "ObjectStorage",
        "version": "1.0.0"
    },
    "servers": [
        {
            "url": "vb-catalog://backends/ObjectStorage"
        }
    ],
    "paths": {
        "/Lightning-Talk": {
            "get": {
                "operationId": "getBucketInfo",
                "responses": {
                    "default": {
                        "description": "Response for default",
                        "content": {
                            "application/json": {
                                "schema": {
                                    "$ref": "#/components/schemas/GetLightning-Talk"
                                },
                                "examples": {
                                    "vb": {
                                        "summary": "Example stored by VB User",
                                        "externalValue": "./examples/getLightningTalk/response_default_application_json_vb.json"
                                    }
                                }
                            }
                        }
                    }
                },
                "x-vb": {
                    "actionHint": "getMany"
                }
            }
        },
        "/Lightning-Talk/o/": {
            "get": {
                "operationId": "getAllObject",
                "responses": {
                    "default": {
                        "description": "Response for default",
                        "content": {
                            "application/json": {
                                "schema": {
                                    "$ref": "#/components/schemas/GetLightning-TalkO"
                                },
                                "examples": {
                                    "vb": {
                                        "summary": "Example stored by VB User",
                                        "externalValue": "./examples/getLightningTalkO2/response_default_application_json_vb.json"
                                    }
                                }
                            }
                        }
                    }
                },
                "x-vb": {
                    "actionHint": "getMany"
                }
            }
        },
        "/Lightning-Talk/o/{objectName}": {
            "parameters": [
                {
                    "name": "objectName",
                    "in": "path",
                    "required": true,
                    "schema": {
                        "type": "string"
                    }
                }
            ],
            "put": {
                "operationId": "uploadObject",
                "responses": {},
                "x-vb": {
                    "actionHint": "create"
                }
            }
        },
        "/Lightning-Talk-Transcript-Text/o/{objectName}": {
            "parameters": [
                {
                    "name": "objectName",
                    "in": "path",
                    "required": true,
                    "schema": {
                        "type": "string"
                    }
                }
            ],
            "get": {
                "operationId": "getTranscriptObject",
                "responses": {},
                "x-vb": {
                    "actionHint": "getMany",
                    "headers": {}
                }
            }
        }
    },
    "components": {
        "schemas": {
            "GetLightning-Talk": {
                "type": "object",
                "properties": {
                    "namespace": {
                        "type": "string"
                    },
                    "name": {
                        "type": "string"
                    },
                    "id": {
                        "type": "string"
                    },
                    "compartmentId": {
                        "type": "string"
                    },
                    "createdBy": {
                        "type": "string"
                    },
                    "timeCreated": {
                        "type": "string"
                    },
                    "metadata": {
                        "type": "object"
                    },
                    "etag": {
                        "type": "string"
                    },
                    "publicAccessType": {
                        "type": "string"
                    },
                    "storageTier": {
                        "type": "string"
                    },
                    "meterFlagSet": {
                        "type": "object",
                        "properties": {
                            "empty": {
                                "type": "boolean"
                            }
                        }
                    },
                    "objectLevelAuditMode": {
                        "type": "string"
                    },
                    "freeformTags": {
                        "type": "object"
                    },
                    "definedTags": {
                        "type": "object",
                        "properties": {
                            "Oracle-Tags": {
                                "type": "object",
                                "properties": {
                                    "CreatedBy": {
                                        "type": "string"
                                    },
                                    "CreatedOn": {
                                        "type": "string"
                                    }
                                }
                            }
                        }
                    },
                    "kmsKeyId": {
                        "nullable": true
                    },
                    "approximateCount": {
                        "nullable": true
                    },
                    "approximateSize": {
                        "nullable": true
                    },
                    "approximateSizeMultipartUploads": {
                        "nullable": true
                    },
                    "objectEventsEnabled": {
                        "type": "boolean"
                    },
                    "replicationEnabled": {
                        "type": "boolean"
                    },
                    "isReadOnly": {
                        "type": "boolean"
                    },
                    "versioning": {
                        "type": "string"
                    },
                    "autoTiering": {
                        "nullable": true
                    }
                }
            },
            "GetLightning-TalkO": {
                "type": "object",
                "properties": {
                    "objects": {
                        "type": "array",
                        "items": {
                            "type": "object",
                            "properties": {
                                "name": {
                                    "type": "string"
                                }
                            }
                        }
                    }
                }
            }
        }
    }
}