{
  "title": "",
  "description": "",
  "variables": {
    "backgroundColor": {
      "type": "string",
      "defaultValue": "dark-ocean"
    },
    "fileName": {
      "type": "string"
    },
    "filesListSDP": {
      "type": "vb/ServiceDataProvider",
      "defaultValue": {
        "endpoint": "businessObjects/getall_Files",
        "keyAttributes": "id",
        "itemsPath": "items",
        "responseType": "getallFilesResponse"
      }
    },
    "getAllObjectListSDP": {
      "type": "vb/ServiceDataProvider",
      "defaultValue": {
        "endpoint": "ObjectStorage/getAllObject",
        "keyAttributes": "name",
        "itemsPath": "objects",
        "responseType": "getAllObjectResponse"
      }
    },
    "illustrationBackground": {
      "type": "string",
      "defaultValue": "https://static.oracle.com/cdn/fnd/gallery/2307.0.2/images/illust-welcome-banner-bg-01.png"
    },
    "illustrationForeground": {
      "type": "string",
      "defaultValue": "https://static.oracle.com/cdn/fnd/gallery/2307.0.2/images/illust-welcome-banner-fg-01.png"
    },
    "imageStretch": {
      "type": "string",
      "defaultValue": "none"
    },
    "mobileImage": {
      "type": "string",
      "defaultValue": "on"
    },
    "searchText": {
      "type": "string"
    },
    "showDialog": {
      "type": "boolean",
      "defaultValue": false
    },
    "transcript": {
      "type": "string"
    }

  },
  "metadata": {},
  "types": {
    "@decorators.getallFilesResponse": {
      "endpoint": "getall_Files",
      "service": "businessObjects",
      "path": "response"
    },
    "@decorators.getAllObjectResponse": {
      "endpoint": "getAllObject",
      "service": "ObjectStorage",
      "path": "response"
    },
    "getallFilesResponse": {
      "items": [
        {
          "fileName": "string",
          "filePath": "string",
          "id": "number",
          "transcriptPath": "string"
        }
      ]
    },
    "getAllObjectResponse": {
      "objects": [
        {
          "name": "string"
        }
      ]
    }

  },
  "eventListeners": {
    "buttonAction": {
      "chains": [
        {
          "chain": "ButtonActionChain",
          "parameters": {
            "key": "{{ $current.key }}",
            "index": "{{ $current.index }}",
            "current": "{{ $current }}"
          }
        }
      ]
    },
    "buttonAction2": {
      "chains": [
        {
          "chain": "SearchButtonActionChain"
        }
      ]
    },
    "filePickerSelect": {
      "chains": [
        {
          "chain": "FilePickerSelectChain",
          "parameters": {
            "files": "[[ Array.prototype.slice.call($event.detail.files) ]]"
          }
        }
      ]
    },
    "hyperlinkClick": {
      "chains": [
        {
          "chain": "HyperlinkClickChain",
          "parameters": {
            "key": "{{ $current.key }}",
            "index": "{{ $current.index }}",
            "current": "{{ $current }}"
          }
        }
      ]
    },
    "hyperlinkClick2": {
      "chains": [
        {
          "chain": "DownloadFileChain",
          "parameters": {
            "key": "{{ $current.key }}",
            "index": "{{ $current.index }}",
            "current": "{{ $current }}"
          }
        }
      ]
    },
    "timedEventSTimerExpired": {
      "chains": [
        {
          "chain": "TimedEventSTimerExpiredChain",
          "parameters": {
            "interval": "{{$event.detail.interval}}",
            "tick": "{{$event.detail.tick}}",
            "skipped": "{{$event.detail.skipped}}",
            "throttled": "{{$event.detail.throttled}}"
          }
        }
      ]
    },
    "vbEnter": {
      "chains": [
        {
          "parameters": {},
          "chain": "vbEnterChangeListener"
        }
      ]
    }

  },
  "imports": {
    "components": {
      "oj-button": {
        "path": "ojs/ojbutton"
      },
      "oj-dialog": {
        "path": "ojs/ojdialog"
      },
      "oj-file-picker": {
        "path": "ojs/ojfilepicker"
      },
      "oj-input-text": {
        "path": "ojs/ojinputtext"
      },
      "oj-progress-bar": {
        "path": "ojs/ojprogress-bar"
      },
      "oj-sample-timed-event": {
        "path": "oj-sample/timed-event/loader"
      },
      "oj-sp-welcome-page": {
        "path": "oj-sp/welcome-page/loader"
      },
      "oj-table": {
        "path": "ojs/ojtable"
      },
      "oj-text-area": {
        "path": "ojs/ojinputtext"
      }

    }
  }
}
