{
    "backends": {
        "ObjectStorage": {
            "servers": [
                {
                    "url": "https://objectstorage.us-ashburn-1.oraclecloud.com/n/natdcshjumpstartprod/b",
                    "description": "Object Storage APIs",
                    "x-vb": {
                        "authentication": {
                            "authenticated": {
                                "type": "http_signature_oci",
                                "credentials": "vb_20ff4391-6a13-4353-8ea6-f5f4faa20b78"
                            }
                        }
                    }
                }
            ]
        },
        "Functions": {
            "servers": [
                {
                    "url": "https://bpsjj7lbsgq.us-ashburn-1.functions.oci.oraclecloud.com",
                    "description": "Oracle Functions APIs",
                    "x-vb": {
                        "authentication": {
                            "authenticated": {
                                "type": "http_signature_oci",
                                "credentials": "vb_33cd8e8d-44d5-446d-9e01-d51bd7a0bc95"
                            }
                        }
                    }
                }
            ]
        }
      }
}