{
    "openapi": "3.0.0",
    "info": {
        "title": "InvokeFunction",
        "version": "1.0.0"
    },
    "servers": [
        {
            "url": "vb-catalog://backends/Functions",
            "description": "Functions"
        }
    ],
    "paths": {
        "/20181201/functions/{functionId}/actions/invoke": {
            "parameters": [
                {
                    "name": "functionId",
                    "in": "path",
                    "required": true,
                    "schema": {
                        "type": "string"
                    },
                    "x-vb": {
                        "defaultValue": "ocid1.fnfunc.oc1.iad.aaaaaaaakmhanfieb72jdgdde6cbgfpdcytqmszjvnubgu767ippcu4v3mpa"
                    }
                }
            ],
            "post": {
                "operationId": "post20181201FunctionsFunctionIdActionsInvoke",
                "requestBody": {
                    "content": {
                        "application/json": {
                            "schema": {
                                "$ref": "#/components/schemas/Post20181201FunctionsFunctionIdActionsInvokeRequest"
                            },
                            "examples": {
                                "vb": {
                                    "summary": "Example stored by VB User",
                                    "externalValue": "./examples/post20181201FunctionsFunctionIdActionsInvoke/request_application_json_vb.json"
                                }
                            }
                        }
                    }
                },
                "responses": {},
                "x-vb": {
                    "actionHint": "create"
                }
            }
        }
    },
    "components": {
        "schemas": {
            "Post20181201FunctionsFunctionIdActionsInvokeRequest": {
                "type": "object",
                "properties": {
                    "data": {
                        "type": "object",
                        "properties": {
                            "resourceName": {
                                "type": "string"
                            },
                            "additionalDetails": {
                                "type": "object",
                                "properties": {
                                    "bucketName": {
                                        "type": "string"
                                    }
                                }
                            }
                        }
                    }
                }
            }
        }
    }
}