{
    "fields": [
        {
            "type": "number",
            "name": "id",
            "internal": false,
            "key": true,
            "oid": "22db5f9f-582e-4ec6-9122-16709c7cd2f8",
            "required": true,
            "unique": true,
            "displayLabel": "Id"
        },
        {
            "type": "datetime",
            "name": "creationDate",
            "internal": false,
            "oid": "fee16f77-081e-4f8b-8a2a-769963ef1ca0",
            "displayLabel": "Created",
            "historyType": "timeCreated"
        },
        {
            "type": "datetime",
            "name": "lastUpdateDate",
            "internal": false,
            "oid": "aef1d4ee-8738-480d-9fe3-f473ff96ccfe",
            "displayLabel": "Last Updated",
            "historyType": "timeUpdated"
        },
        {
            "type": "string",
            "name": "createdBy",
            "internal": false,
            "oid": "a468d3df-862c-4162-aec2-068a93bb8a22",
            "displayLabel": "Created By",
            "historyType": "createdBy"
        },
        {
            "type": "string",
            "name": "lastUpdatedBy",
            "internal": false,
            "oid": "252ea8bb-32bd-4300-b520-cee0179b526b",
            "displayLabel": "Last Updated By",
            "historyType": "updatedBy"
        },
        {
            "type": "number",
            "name": "versionNumber",
            "internal": false,
            "oid": "f9e8cff6-ed27-4e6a-9480-e796ab0a28aa",
            "displayLabel": "Version Number",
            "historyType": "versionNumber"
        },
        {
            "type": "string",
            "name": "fileName",
            "oid": "5917d44c-aa3d-49e2-b1e8-01d709ba6131",
            "displayLabel": "fileName"
        },
{
            "type": "string",
            "name": "filePath",
            "oid": "378182e6-bb2e-4bfb-836e-3f24d2ab8536",
            "displayLabel": "filePath",
            "format": "uri"
        },
        {
            "type": "string",
            "name": "transcriptPath",
            "oid": "9a15178e-833b-42bf-af3f-bdaf6db361e0",
            "displayLabel": "transcriptPath",
            "format": "uri"
        }
    ],
    "name": "Files",
    "oid": "96bbef6d-75dd-403e-b759-6cef92e8a098",
    "displayLabel": "Files",
    "security": {
        "type": "local",
        "acl": [
            {
                "roleId": "approle.anonymous.user",
                "privileges": [
                    {
                        "name": "view",
                        "value": true
                    },
                    {
                        "name": "create",
                        "value": false
                    },
                    {
                        "name": "update",
                        "value": true
                    },
                    {
                        "name": "delete",
                        "value": false
                    }
                ]
            },
            {
                "roleId": "approle.authenticated.user",
                "privileges": [
                    {
                        "name": "view",
                        "value": true
                    },
                    {
                        "name": "create",
                        "value": true
                    },
                    {
                        "name": "update",
                        "value": true
                    },
                    {
                        "name": "delete",
                        "value": true
                    }
                ]
            }
        ]
    },
    "objectFunctions": [],
    "triggers": []
}